,GCUW,DWM
0,1.2272305488586426,0.642768383026123
